Depth,N,Raw_NegSim_Mean,Raw_NegSim_Std,Trained_NegSim_Mean,Trained_NegSim_Std,Trained_Gap_Mean,Trained_Gap_Std
2,20,0.84008634,0.023394987,0.0004551183,8.415835e-05,0.9990567,8.4161176e-05
3,20,0.8490192,0.013359848,0.00045225714,5.2521074e-05,0.9990597,5.2520518e-05
4,20,0.89965594,0.0110802315,0.000631342,8.119468e-05,0.9988805,8.119992e-05
